{"loss": 0.005186416141559864, "_timestamp": 1672913728.7249126, "_runtime": 149.29369068145752, "_step": 1999, "gradients/model.6.bias": {"_type": "histogram", "values": [1.0, 0.0, 0.0, 0.0, 0.0, 1.0, 0.0, 1.0, 0.0, 0.0, 0.0, 0.0, 0.0, 0.0, 0.0, 0.0, 1.0, 0.0, 0.0, 0.0, 0.0, 0.0, 0.0, 0.0, 0.0, 0.0, 0.0, 0.0, 0.0, 0.0, 0.0, 0.0, 0.0, 0.0, 0.0, 0.0, 0.0, 0.0, 1.0, 0.0, 0.0, 0.0, 0.0, 0.0, 1.0, 0.0, 0.0, 1.0, 0.0, 0.0, 0.0, 0.0, 0.0, 1.0, 0.0, 0.0, 0.0, 0.0, 0.0, 0.0, 1.0, 0.0, 0.0, 1.0], "bins": [-0.0034808723721653223, -0.0033767176792025566, -0.0032725632190704346, -0.003168408526107669, -0.003064253833144903, -0.002960099373012781, -0.0028559446800500154, -0.0027517899870872498, -0.0026476355269551277, -0.002543480833992362, -0.00243932637386024, -0.0023351716808974743, -0.0022310169879347086, -0.0021268625278025866, -0.002022707834839821, -0.001918553258292377, -0.0018143985653296113, -0.0017102439887821674, -0.0016060892958194017, -0.0015019347192719579, -0.001397780142724514, -0.0012936254497617483, -0.0011894708732143044, -0.0010853162966668606, -0.0009811616037040949, -0.0008770069689489901, -0.0007728523924015462, -0.0006686977576464415, -0.0005645431810989976, -0.0004603885463438928, -0.00035623391158878803, -0.00025207933504134417, -0.0001479247584939003, -4.377014556666836e-05, 6.0384467360563576e-05, 0.00016453908756375313, 0.00026869369321502745, 0.0003728482988663018, 0.00047700293362140656, 0.0005811575101688504, 0.0006853120867162943, 0.0007894667214713991, 0.0008936212980188429, 0.0009977759327739477, 0.0011019305093213916, 0.0012060850858688354, 0.0013102397788316011, 0.001414394355379045, 0.0015185490483418107, 0.0016227036248892546, 0.0017268583178520203, 0.0018310128943994641, 0.001935167470946908, 0.0020393221639096737, 0.0021434766240417957, 0.0022476313170045614, 0.002351786009967327, 0.002455940702930093, 0.002560095163062215, 0.0026642498560249805, 0.0027684045489877462, 0.0028725590091198683, 0.002976713702082634, 0.003080868162214756, 0.0031850228551775217]}, "gradients/model.6.weight": {"_type": "histogram", "values": [1.0, 2.0, 0.0, 0.0, 0.0, 0.0, 1.0, 0.0, 0.0, 1.0, 2.0, 2.0, 2.0, 3.0, 4.0, 9.0, 4.0, 3.0, 6.0, 5.0, 4.0, 2.0, 6.0, 10.0, 8.0, 7.0, 16.0, 10.0, 13.0, 22.0, 16.0, 17.0, 31.0, 99.0, 25.0, 22.0, 19.0, 13.0, 10.0, 9.0, 6.0, 8.0, 7.0, 6.0, 9.0, 6.0, 5.0, 8.0, 8.0, 4.0, 5.0, 6.0, 4.0, 6.0, 0.0, 1.0, 0.0, 1.0, 2.0, 0.0, 1.0, 1.0, 1.0, 1.0], "bins": [-0.0024426840245723724, -0.00236917263828218, -0.0022956612519919872, -0.0022221500985324383, -0.0021486387122422457, -0.002075127325952053, -0.0020016159396618605, -0.0019281045533716679, -0.001854593283496797, -0.0017810818972066045, -0.0017075706273317337, -0.001634059241041541, -0.0015605478547513485, -0.0014870365848764777, -0.0014135251985862851, -0.0013400139287114143, -0.0012665025424212217, -0.0011929911561310291, -0.0011194798862561584, -0.0010459684999659657, -0.0009724571718834341, -0.0008989458438009024, -0.0008254344575107098, -0.0007519231294281781, -0.0006784118013456464, -0.0006049004732631147, -0.000531389145180583, -0.0004578777588903904, -0.0003843664308078587, -0.000310855102725327, -0.00023734374553896487, -0.00016383238835260272, -9.032129310071468e-05, -1.6809950466267765e-05, 5.6701392168179154e-05, 0.00013021273480262607, 0.000203724077437073, 0.0002772354055196047, 0.00035074676270596683, 0.000424258119892329, 0.0004977694479748607, 0.0005712807760573924, 0.000644792104139924, 0.0007183034904301167, 0.0007918148185126483, 0.00086532614659518, 0.0009388375328853726, 0.0010123488027602434, 0.001085860189050436, 0.0011593715753406286, 0.0012328828452154994, 0.001306394231505692, 0.0013799055013805628, 0.0014534168876707554, 0.001526928273960948, 0.0016004396602511406, 0.0016739509301260114, 0.001747462316416204, 0.0018209735862910748, 0.0018944849725812674, 0.00196799635887146, 0.002041507512331009, 0.0021150188986212015, 0.002188530284911394, 0.0022620416712015867]}, "gradients/model.4.bias": {"_type": "histogram", "values": [1.0, 0.0, 1.0, 0.0, 0.0, 0.0, 1.0, 0.0, 0.0, 1.0, 0.0, 2.0, 0.0, 0.0, 1.0, 1.0, 0.0, 2.0, 2.0, 1.0, 0.0, 0.0, 1.0, 2.0, 2.0, 1.0, 0.0, 7.0, 0.0, 3.0, 1.0, 1.0, 0.0, 2.0, 0.0, 1.0, 0.0, 2.0, 1.0, 1.0, 0.0, 0.0, 0.0, 0.0, 0.0, 1.0, 0.0, 0.0, 0.0, 2.0, 0.0, 1.0, 0.0, 0.0, 0.0, 1.0, 1.0, 0.0, 0.0, 3.0, 0.0, 1.0, 0.0, 2.0], "bins": [-0.0006957332952879369, -0.000670838518999517, -0.000645943742711097, -0.000621048966422677, -0.000596154248341918, -0.000571259472053498, -0.0005463646957650781, -0.0005214699194766581, -0.0004965751431882381, -0.0004716803668998182, -0.0004467856197152287, -0.0004218908434268087, -0.0003969960962422192, -0.00037210131995379925, -0.0003472065436653793, -0.0003223117673769593, -0.0002974170492962003, -0.0002725222730077803, -0.0002476275258231908, -0.00022273274953477085, -0.0001978379877982661, -0.00017294322606176138, -0.00014804844977334142, -0.00012315368803683668, -9.82588971965015e-05, -7.336413545999676e-05, -4.846936644753441e-05, -2.3574597435072064e-05, 1.3201643014326692e-06, 2.6214926037937403e-05, 5.1109702326357365e-05, 7.60044640628621e-05, 0.00010089919669553638, 0.0001257939584320411, 0.00015068872016854584, 0.0001755834964569658, 0.00020047825819347054, 0.00022537301992997527, 0.00025026779621839523, 0.0002751625725068152, 0.00030005729058757424, 0.0003249520668759942, 0.0003498468140605837, 0.00037474159034900367, 0.0003996363375335932, 0.00042453111382201314, 0.0004494258901104331, 0.00047432066639885306, 0.000499215442687273, 0.000524110218975693, 0.000549004995264113, 0.000573899713344872, 0.000598794489633292, 0.0006236892659217119, 0.0006485840422101319, 0.0006734788184985518, 0.0006983735365793109, 0.0007232683128677309, 0.0007481630891561508, 0.0007730578072369099, 0.0007979525835253298, 0.0008228473598137498, 0.0008477421361021698, 0.0008726369123905897, 0.0008975316886790097]}, "gradients/model.4.weight": {"_type": "histogram", "values": [1.0, 0.0, 0.0, 0.0, 0.0, 1.0, 0.0, 1.0, 2.0, 2.0, 4.0, 1.0, 5.0, 2.0, 6.0, 3.0, 7.0, 12.0, 11.0, 15.0, 23.0, 35.0, 60.0, 71.0, 85.0, 123.0, 188.0, 292.0, 2521.0, 432.0, 287.0, 207.0, 137.0, 109.0, 79.0, 67.0, 52.0, 41.0, 23.0, 18.0, 12.0, 8.0, 11.0, 5.0, 4.0, 6.0, 3.0, 3.0, 2.0, 3.0, 1.0, 1.0, 1.0, 2.0, 2.0, 3.0, 3.0, 2.0, 1.0, 0.0, 1.0, 0.0, 1.0, 2.0], "bins": [-0.0018712151795625687, -0.0018057163106277585, -0.0017402174416929483, -0.0016747184563428164, -0.0016092195874080062, -0.001543720718473196, -0.0014782218495383859, -0.0014127229806035757, -0.0013472239952534437, -0.0012817251263186336, -0.0012162262573838234, -0.0011507272720336914, -0.0010852284030988812, -0.001019729534164071, -0.0009542306652292609, -0.0008887317962944508, -0.0008232329273596406, -0.0007577340584248304, -0.0006922351312823594, -0.0006267362623475492, -0.0005612373352050781, -0.000495738466270268, -0.0004302395973354578, -0.0003647406992968172, -0.0002992418594658375, -0.00023374296142719686, -0.00016824407794047147, -0.00010274519445374608, -3.724629641510546e-05, 2.8252601623535156e-05, 9.375147055834532e-05, 0.00015925036859698594, 0.00022474932484328747, 0.0002902482228819281, 0.0003557471209205687, 0.00042124598985537887, 0.0004867448878940195, 0.0005522437859326601, 0.0006177426548674703, 0.0006832415238022804, 0.0007487405091524124, 0.0008142393780872226, 0.0008797383052296937, 0.0009452371741645038, 0.0010107361013069749, 0.001076234970241785, 0.0011417338391765952, 0.0012072327081114054, 0.0012727315770462155, 0.0013382304459810257, 0.0014037293149158359, 0.001469228183850646, 0.001534727169200778, 0.0016002260381355882, 0.0016657249070703983, 0.0017312237760052085, 0.0017967226449400187, 0.0018622215138748288, 0.001927720382809639, 0.001993219368159771, 0.0020587181206792593, 0.0021242171060293913, 0.0021897158585488796, 0.0022552148438990116, 0.0023207138292491436]}, "gradients/model.2.bias": {"_type": "histogram",